<?xml version="1.0" encoding="UTF-8"?>
<classpath>
	<classpathentry kind="src" path="src"/>
	<classpathentry kind="src" path="Assets"/>
	<classpathentry kind="con" path="org.eclipse.jdt.launching.JRE_CONTAINER/org.eclipse.jdt.internal.debug.ui.launcher.StandardVMType/JavaSE-17">
		<attributes>
			<attribute name="module" value="true"/>
		</attributes>
	</classpathentry>
	<classpathentry kind="con" path="org.eclipse.fx.ide.jdt.core.JAVAFX_CONTAINER">
		<attributes>
			<attribute name="module" value="true"/>
		</attributes>
	</classpathentry>
	<classpathentry kind="con" path="org.eclipse.jdt.USER_LIBRARY/JavaFX">
		<attributes>
			<attribute name="module" value="true"/>
		</attributes>
	</classpathentry>
	<classpathentry kind="output" path="bin"/>
</classpath>
